Frequency,Port1,Port2,
4999500000,1.513360075e-06,0.0001812679548,
4999501000,1.979116632e-06,0.0002128594788,
4999502000,1.340454332e-06,0.000222300092,
4999503000,1.226206336e-06,0.0001259127021,
4999504000,1.123140464e-06,0.0002127806802,
4999505000,1.941930122e-06,0.0002434307826,
4999506000,1.712842732e-06,0.0002499943657,
4999507000,2.592412557e-06,0.000136094488,
4999508000,1.686951123e-06,0.0001718624844,
4999509000,1.174191652e-06,0.0003284125996,
4999510000,1.972939799e-06,0.000181313706,
4999511000,1.551906053e-06,0.0001633110805,
4999512000,1.376431783e-06,0.0002562346344,
4999513000,1.633031047e-06,0.0002699169854,
4999514000,1.378204843e-06,0.0002374303149,
4999515000,2.7241515e-06,0.0003231113369,
4999516000,1.732651299e-06,0.0002072128991,
4999517000,2.65866538e-06,0.0001313267567,
4999518000,2.113135679e-06,0.0001412697893,
4999519000,2.578208523e-06,0.0001285923063,
4999520000,1.397231927e-06,0.0003702848626,
4999521000,1.641939662e-06,0.000186966703,
4999522000,3.18671664e-06,0.0003040638112,
4999523000,1.316437761e-06,0.0002206799691,
4999524000,1.284739824e-06,0.0002498682588,
4999525000,1.713886491e-06,0.0003029345244,
4999526000,1.406531624e-06,0.0002641220635,
4999527000,1.315362965e-06,0.0001983837865,
4999528000,1.575426836e-06,0.0001752438402,
4999529000,3.094857448e-06,0.0001757888967,
4999530000,1.731735438e-06,0.0002337930055,
4999531000,1.493468972e-06,0.0001853387803,
4999532000,1.278165769e-06,0.0003259911027,
4999533000,1.881045705e-06,0.0002334484889,
4999534000,1.666908474e-06,0.0002647659858,
4999535000,1.442095595e-06,0.0002124643506,
4999536000,1.653132017e-06,0.0001694301463,
4999537000,1.452852644e-06,0.0002238838788,
4999538000,1.148349838e-06,0.000222252027,
4999539000,1.438639629e-06,0.0001332597894,
4999540000,1.168995823e-06,0.000248539669,
4999541000,2.586702294e-06,0.0002322412038,
4999542000,1.812475944e-06,0.0002592957462,
4999543000,2.155780749e-06,0.0002080163249,
4999544000,1.89161733e-06,0.000173144057,
4999545000,1.777838179e-06,0.0002971489739,
4999546000,1.814296184e-06,0.0003725195129,
4999547000,1.343346298e-06,0.000233230312,
4999548000,1.332678607e-06,0.0001498337951,
4999549000,1.501607244e-06,0.0001803474443,
4999550000,1.629070539e-06,0.0002507885511,
4999551000,1.11178781e-06,0.0001598214003,
4999552000,1.801846224e-06,0.0002974439121,
4999553000,1.596961738e-06,0.0002371013397,
4999554000,1.618168881e-06,0.0002031281329,
4999555000,1.470384518e-06,0.0002616635757,
4999556000,2.239395371e-06,0.0002415123454,
4999557000,1.657701318e-06,0.0001659643312,
4999558000,2.069844868e-06,0.0002183760662,
4999559000,1.562455054e-06,0.0002867302392,
4999560000,1.473729071e-06,0.0002206458303,
4999561000,1.782680897e-06,0.0001752394601,
4999562000,2.784457365e-06,0.0001351389801,
4999563000,2.53760777e-06,0.0002171959059,
4999564000,1.775881401e-06,0.0002295302256,
4999565000,1.649334763e-06,0.0002498387184,
4999566000,1.060946374e-06,0.0001512414165,
4999567000,2.425866796e-06,0.0002935034281,
4999568000,1.2230945e-06,0.0001425198861,
4999569000,1.607738e-06,0.0001793369884,
4999570000,1.088410954e-06,0.0001078511996,
4999571000,1.03594823e-06,0.000213879699,
4999572000,1.533103841e-06,0.0002455478825,
4999573000,1.274992087e-06,0.0002181864547,
4999574000,9.82032816e-07,0.0002790134458,
4999575000,1.67325129e-06,0.000283617992,
4999576000,1.63633365e-06,0.0001990823512,
4999577000,1.303225758e-06,0.0002635680721,
4999578000,1.683399205e-06,0.0003136994201,
4999579000,1.434131491e-06,0.0001328378858,
4999580000,1.517272267e-06,0.0003966314544,
4999581000,1.806721571e-06,0.0002221315517,
4999582000,1.964556986e-06,0.0002171669621,
4999583000,2.278742159e-06,0.0001807842491,
4999584000,1.011129712e-06,0.0001944425749,
4999585000,1.51748975e-06,0.0003042756871,
4999586000,1.632986937e-06,0.0001538465585,
4999587000,1.201154873e-06,0.0001952164166,
4999588000,1.501302449e-06,0.000182105985,
4999589000,2.197529284e-06,0.0001702159643,
4999590000,1.006755269e-06,0.000158358831,
4999591000,1.896560207e-06,0.0002445175778,
4999592000,2.285601795e-06,0.0003188767587,
4999593000,8.491614381e-07,0.0001168233939,
4999594000,1.657885377e-06,0.0002344268869,
4999595000,2.312177457e-06,0.0001993567857,
4999596000,1.514252403e-06,0.0001583935227,
4999597000,2.045678229e-06,0.0002519856207,
4999598000,2.403677627e-06,0.0001600819087,
4999599000,2.802590188e-06,0.0002920199477,
4999600000,1.849161208e-06,0.000284014357,
4999601000,1.677173827e-06,0.0002487375459,
4999602000,1.30359615e-06,0.0002529846097,
4999603000,2.317851795e-06,0.0002917533275,
4999604000,1.63701327e-06,0.0002598934516,
4999605000,1.682635684e-06,0.0001750744559,
4999606000,1.877251748e-06,0.0001942250092,
4999607000,2.007912826e-06,0.0001720996515,
4999608000,1.158865416e-06,0.0001670256752,
4999609000,1.912894049e-06,0.0001678525732,
4999610000,1.818847636e-06,0.0002143430465,
4999611000,2.21360051e-06,0.0001522248931,
4999612000,1.47678486e-06,0.0001221166312,
4999613000,1.865017225e-06,0.0002053931239,
4999614000,1.822766308e-06,0.0001076723493,
4999615000,2.40260556e-06,0.000260031753,
4999616000,1.922447609e-06,0.0002398052311,
4999617000,1.943647476e-06,0.0002681771293,
4999618000,2.733263273e-06,9.386380407e-05,
4999619000,1.604267936e-06,0.0002353830496,
4999620000,1.690066142e-06,0.0002558090782,
4999621000,1.432034082e-06,0.0002081300772,
4999622000,1.565742537e-06,0.0002063743741,
4999623000,1.23932216e-06,0.0001225595624,
4999624000,1.494268759e-06,0.0001834298309,
4999625000,1.079933668e-06,0.0001707481715,
4999626000,1.995922958e-06,0.0001181956686,
4999627000,1.464249635e-06,0.0001303234167,
4999628000,1.716142378e-06,0.000240603229,
4999629000,1.71978752e-06,0.0002442850091,
4999630000,1.648506441e-06,0.0001537532225,
4999631000,1.027738449e-06,0.000176765403,
4999632000,1.9991503e-06,0.0002047240559,
4999633000,1.994280865e-06,0.0001399378089,
4999634000,1.918647968e-06,0.0001394951832,
4999635000,2.806895054e-06,0.0001520344522,
4999636000,1.192940204e-06,0.0001623327262,
4999637000,1.415359179e-06,0.0003168332623,
4999638000,1.244803457e-06,0.0001742570748,
4999639000,2.58138698e-06,0.0002442678087,
4999640000,1.606429919e-06,0.0001856369345,
4999641000,1.455842153e-06,0.0001765653724,
4999642000,1.212544248e-06,0.0001494020835,
4999643000,2.522238674e-06,0.0001760417799,
4999644000,2.11679685e-06,0.0001535693154,
4999645000,1.841599214e-06,0.0002084618463,
4999646000,2.19293247e-06,0.000192395295,
4999647000,1.919637725e-06,0.0001638919784,
4999648000,1.989021257e-06,0.0001858005126,
4999649000,1.522172511e-06,0.0002249172976,
4999650000,2.159177939e-06,0.000234915613,
4999651000,1.897756306e-06,0.0001142022084,
4999652000,1.412534289e-06,0.0002084894513,
4999653000,1.322353796e-06,0.0002561719739,
4999654000,1.190956368e-06,0.0001561930112,
4999655000,8.913651754e-07,0.0001034452507,
4999656000,1.260726776e-06,0.0001644564909,
4999657000,2.821893531e-06,0.0002036493534,
4999658000,2.51406027e-06,0.0001089315701,
4999659000,1.45165518e-06,0.0001414772414,
4999660000,1.01515991e-06,0.0001895600435,
4999661000,1.179035053e-06,0.0001696741238,
4999662000,1.53584358e-06,0.0001730552613,
4999663000,1.737336788e-06,0.000238377499,
4999664000,9.827967915e-07,0.000242956201,
4999665000,2.000992254e-06,0.0001642231946,
4999666000,2.323416538e-06,0.0001568377193,
4999667000,2.495547506e-06,0.000178312388,
4999668000,1.725634434e-06,0.0001035334208,
4999669000,1.587826318e-06,0.0001920828799,
4999670000,1.459226382e-06,0.0001093019237,
4999671000,1.547584702e-06,0.0001815954602,
4999672000,1.811994139e-06,0.0001692854712,
4999673000,9.723928542e-07,0.0001323815377,
4999674000,1.057829877e-06,0.0001342979085,
4999675000,1.766490982e-06,0.000201185394,
4999676000,1.870492497e-06,0.0002101555583,
4999677000,1.577339617e-06,0.0001856255403,
4999678000,1.681284743e-06,0.0002423693513,
4999679000,9.294500956e-07,0.0001612125488,
4999680000,2.193911769e-06,0.0001613459608,
4999681000,1.629779717e-06,0.000188391874,
4999682000,1.431464625e-06,0.0001510558359,
4999683000,1.354034453e-06,0.0001147354342,
4999684000,1.585997552e-06,0.0001355918066,
4999685000,1.027149892e-06,0.0001895162568,
4999686000,1.947183137e-06,0.00010008971,
4999687000,1.001328883e-06,0.0001563640253,
4999688000,2.15103978e-06,0.0001544778643,
4999689000,1.809996434e-06,0.000174036395,
4999690000,1.227344114e-06,0.0001763733453,
4999691000,1.411823973e-06,0.0002006488503,
4999692000,2.62196636e-06,0.0001448109397,
4999693000,1.083296297e-06,0.0001361513132,
4999694000,1.289791385e-06,0.0002361256775,
4999695000,1.424433663e-06,0.0001033519366,
4999696000,1.720827413e-06,9.918262367e-05,
4999697000,1.40567181e-06,0.0001137385261,
4999698000,1.087786472e-06,0.0001669041958,
4999699000,1.927559424e-06,0.0001418050379,
4999700000,1.568256948e-06,0.0001921059738,
4999701000,1.13843555e-06,0.0001595899812,
4999702000,1.51083907e-06,0.0001236950338,
4999703000,1.646919827e-06,0.0002505004231,
4999704000,1.2325753e-06,0.0001890186104,
4999705000,1.990556029e-06,0.0001923531963,
4999706000,1.335551133e-06,0.0001451277785,
4999707000,2.168121227e-06,0.000250482437,
4999708000,2.319065743e-06,0.0001534432231,
4999709000,1.421960519e-06,0.0002212362888,
4999710000,1.12161274e-06,0.000137832787,
4999711000,1.722716092e-06,0.000149637679,
4999712000,2.898721277e-06,0.0001410106197,
4999713000,2.158357347e-06,0.0001247574255,
4999714000,2.087716211e-06,0.0001363046322,
4999715000,1.252980269e-06,0.0002031153563,
4999716000,1.771934649e-06,0.0001898928167,
4999717000,1.083610186e-06,0.0001766706409,
4999718000,1.291597982e-06,0.0001900020143,
4999719000,1.753623906e-06,0.0001503706881,
4999720000,2.085019332e-06,0.0001998115767,
4999721000,2.440161552e-06,0.0001749935182,
4999722000,1.614576263e-06,0.0002364813699,
4999723000,1.576865657e-06,0.0001886753162,
4999724000,1.68009899e-06,0.0001558582444,
4999725000,1.67760345e-06,0.0001088290228,
4999726000,1.398318545e-06,0.0001009109983,
4999727000,1.952852244e-06,0.0002077147074,
4999728000,1.575753458e-06,0.0002140505385,
4999729000,1.339163305e-06,0.0001977801003,
4999730000,1.447268119e-06,7.928872947e-05,
4999731000,1.916014526e-06,0.0002091973292,
4999732000,2.376624479e-06,8.981469e-05,
4999733000,1.522562229e-06,0.0001211837662,
4999734000,1.499993118e-06,0.00016026714,
4999735000,9.555978977e-07,0.0001096202104,
4999736000,1.716694555e-06,0.0001976441126,
4999737000,1.293786227e-06,0.0001470613643,
4999738000,1.072780151e-06,0.0001347621728,
4999739000,1.107533649e-06,0.0001721730659,
4999740000,1.860593784e-06,0.0002712263667,
4999741000,1.688490897e-06,0.0001301814918,
4999742000,1.136474111e-06,9.890882939e-05,
4999743000,2.031533995e-06,0.0001348902879,
4999744000,1.208247568e-06,0.0001765102643,
4999745000,1.941498795e-06,0.0002228691301,
4999746000,2.362776286e-06,0.0001399469475,
4999747000,1.223975914e-06,0.0002012183832,
4999748000,1.596010748e-06,0.0001920062496,
4999749000,1.022654601e-06,0.0001510829752,
4999750000,1.851501224e-06,0.0001442359062,
4999751000,1.297798349e-06,0.0001767042122,
4999752000,1.589733074e-06,9.80022669e-05,
4999753000,2.069689117e-06,0.0002103721199,
4999754000,2.345899702e-06,0.0001738926076,
4999755000,1.686022529e-06,0.0002557814296,
4999756000,1.180880986e-06,0.0001491203002,
4999757000,1.137627578e-06,0.0001588580635,
4999758000,1.93775486e-06,0.0001805136708,
4999759000,1.514012638e-06,0.0002319899213,
4999760000,2.674941925e-06,0.0001392630365,
4999761000,1.087748501e-06,0.0001013825677,
4999762000,1.555592007e-06,0.0001372418192,
4999763000,1.518266686e-06,0.00014345815,
4999764000,1.858632572e-06,0.0001103054747,
4999765000,1.02051024e-06,0.000209666061,
4999766000,1.227668804e-06,0.0001769460796,
4999767000,2.493155307e-06,0.0001658570691,
4999768000,2.973681376e-06,0.0001874707377,
4999769000,1.674571536e-06,0.0001441692002,
4999770000,1.038134883e-06,0.0001152777913,
4999771000,1.411611038e-06,0.0001202577696,
4999772000,1.154752226e-06,0.0001279764983,
4999773000,1.578030947e-06,0.0001569021988,
4999774000,1.050930791e-06,0.0001249960624,
4999775000,1.424982997e-06,0.0001235603413,
4999776000,1.942515837e-06,0.0001798138255,
4999777000,1.327921723e-06,0.0001130921446,
4999778000,1.562506327e-06,0.00014801418,
4999779000,1.397108463e-06,0.0001533028262,
4999780000,1.329517545e-06,0.0001113049002,
4999781000,1.510096581e-06,0.0001531733142,
4999782000,1.285290864e-06,0.0001717511914,
4999783000,1.321753302e-06,0.000129214648,
4999784000,1.491909416e-06,0.000153654124,
4999785000,1.536085279e-06,0.0001178205857,
4999786000,2.394022431e-06,0.0001372402912,
4999787000,1.629659096e-06,0.000186192221,
4999788000,1.265400556e-06,9.837683319e-05,
4999789000,1.567046183e-06,0.0001124984265,
4999790000,1.159098474e-06,0.0001654892985,
4999791000,1.284528253e-06,0.0001716685656,
4999792000,1.62735455e-06,0.0001476618054,
4999793000,1.836487399e-06,0.0001345260243,
4999794000,1.799008714e-06,0.0001615905057,
4999795000,2.565082013e-06,0.000133781461,
4999796000,1.678450644e-06,0.0002323416556,
4999797000,1.724556341e-06,0.0001894614688,
4999798000,1.781321998e-06,0.0001755665871,
4999799000,1.650579748e-06,0.0001960282534,
4999800000,1.081267669e-06,0.0001741419837,
4999801000,1.113219014e-06,0.0001711555524,
4999802000,1.499176619e-06,0.0001811418915,
4999803000,2.076405963e-06,0.0002483232238,
4999804000,1.775802048e-06,0.0001244135492,
4999805000,2.632708629e-06,0.0001150371972,
4999806000,1.315463919e-06,0.0002125034371,
4999807000,2.43821205e-06,0.0001212326824,
4999808000,1.480139758e-06,0.0001770314411,
4999809000,1.264215712e-06,0.0001260903809,
4999810000,1.029424539e-06,0.0001339339506,
4999811000,9.11388554e-07,0.0002503587457,
4999812000,2.051870979e-06,0.0001732033124,
4999813000,1.377239983e-06,0.000141810975,
4999814000,1.450167019e-06,0.0001119127846,
4999815000,1.210911705e-06,0.0001277692354,
4999816000,1.26004727e-06,9.946020145e-05,
4999817000,8.506764289e-07,0.0001622175332,
4999818000,1.080138759e-06,0.0002458500967,
4999819000,1.349919785e-06,0.0001243672596,
4999820000,1.047571914e-06,0.0001245781459,
4999821000,1.982381946e-06,0.0001694609382,
4999822000,1.531008706e-06,0.0001563528931,
4999823000,1.688878683e-06,0.000132031797,
4999824000,1.602740781e-06,0.0001223614527,
4999825000,1.495293191e-06,0.0001736970153,
4999826000,1.573496434e-06,0.0002674032585,
4999827000,1.757560881e-06,9.621392383e-05,
4999828000,1.884198241e-06,0.0001173302371,
4999829000,1.591206683e-06,0.0001641492854,
4999830000,2.014066467e-06,0.0001493019372,
4999831000,1.99437045e-06,0.0001853184222,
4999832000,1.111400138e-06,0.0001331894164,
4999833000,1.924284106e-06,8.653001714e-05,
4999834000,1.536117225e-06,0.0002255625732,
4999835000,1.339735377e-06,0.0001446419774,
4999836000,3.189167273e-06,0.0001779572194,
4999837000,1.578743195e-06,0.0001869100088,
4999838000,1.837571176e-06,0.0001560057426,
4999839000,1.941393975e-06,0.0001556494681,
4999840000,1.336043283e-06,0.0001567802829,
4999841000,1.533401473e-06,0.0001365973585,
4999842000,1.360346459e-06,0.0001663893054,
4999843000,1.575693886e-06,0.0001571960893,
4999844000,1.956191909e-06,0.0001353519328,
4999845000,1.530144232e-06,0.0001602872508,
4999846000,1.039546532e-06,0.0002052558702,
4999847000,1.471465907e-06,0.0001169551833,
4999848000,1.249315687e-06,0.0002174901747,
4999849000,1.379493028e-06,0.0001544318511,
4999850000,1.478715035e-06,0.000202893294,
4999851000,1.125633162e-06,0.0001748500072,
4999852000,1.254307563e-06,0.0001974463812,
4999853000,1.129969291e-06,0.0001012905632,
4999854000,1.202836415e-06,0.0001075498221,
4999855000,1.254606332e-06,0.0001988242002,
4999856000,1.432571594e-06,0.0002067737951,
4999857000,1.327424457e-06,9.208435222e-05,
4999858000,1.639443667e-06,0.0001877958566,
4999859000,1.371641588e-06,0.0001180066611,
4999860000,1.94883205e-06,0.000174970206,
4999861000,1.065062065e-06,0.0001515184849,
4999862000,1.794076752e-06,0.0003123026981,
4999863000,2.163244972e-06,0.0001969781442,
4999864000,1.982733693e-06,0.0002356485784,
4999865000,1.873955284e-06,0.0001768057409,
4999866000,1.590249326e-06,0.0002198069269,
4999867000,1.799963798e-06,0.0001582726109,
4999868000,2.338230161e-06,0.0001836775482,
4999869000,1.279825483e-06,0.0002000713721,
4999870000,1.878172043e-06,0.0001721706794,
4999871000,1.444718691e-06,0.0001444056979,
4999872000,8.750043889e-07,0.0001266021864,
4999873000,1.290116302e-06,0.0002156943228,
4999874000,8.087352512e-07,0.0002674001735,
4999875000,1.348616934e-06,0.0001392626873,
4999876000,7.865140219e-07,0.0001773130207,
4999877000,1.736437071e-06,0.000274532591,
4999878000,2.118342309e-06,0.0001481190702,
4999879000,2.010993512e-06,0.0001543540566,
4999880000,2.654751142e-06,0.0001379038877,
4999881000,1.399363214e-06,0.000278826803,
4999882000,1.439022299e-06,0.0001713912934,
4999883000,1.903897214e-06,0.0001826084626,
4999884000,1.373198643e-06,0.000134955917,
4999885000,2.223008551e-06,0.0003064936318,
4999886000,1.498911843e-06,0.0002326845715,
4999887000,9.817511e-07,0.0001783650077,
4999888000,2.100706297e-06,0.0001811632392,
4999889000,1.494816956e-06,0.0002231978433,
4999890000,1.548425416e-06,0.0001438525942,
4999891000,1.302281021e-06,0.0001905409299,
4999892000,1.659787017e-06,0.0003188337432,
4999893000,1.749531862e-06,0.0002066315064,
4999894000,1.127342784e-06,0.0002540622954,
4999895000,1.131407316e-06,0.0002252035483,
4999896000,1.536681452e-06,0.0001283960883,
4999897000,2.235072543e-06,0.0001852830756,
4999898000,1.319003331e-06,0.0001612817869,
4999899000,2.317392273e-06,0.0003531007387,
4999900000,1.29081559e-06,0.0002197222057,
4999901000,1.129854695e-06,0.0002377475466,
4999902000,1.755813742e-06,0.0002427849686,
4999903000,1.699336849e-06,0.0002546443138,
4999904000,2.129963605e-06,0.0001863681246,
4999905000,2.091122496e-06,0.0001291378576,
4999906000,2.112722541e-06,0.0003113212588,
4999907000,1.620370085e-06,0.0002415958297,
4999908000,1.406373258e-06,0.0002682445047,
4999909000,1.253070309e-06,0.0002854326449,
4999910000,2.064295131e-06,0.0002362651576,
4999911000,1.553774609e-06,0.0002230923274,
4999912000,1.355436552e-06,0.0002088135807,
4999913000,1.611248422e-06,0.000196744164,
4999914000,1.383547669e-06,0.0002083360305,
4999915000,1.550382763e-06,0.0002149257052,
4999916000,1.248875833e-06,0.0002595750266,
4999917000,1.272279292e-06,0.0001842423953,
4999918000,2.380328397e-06,0.0002823575342,
4999919000,2.65777885e-06,0.0002148116619,
4999920000,1.583541348e-06,0.0002415814233,
4999921000,1.677290811e-06,0.0002275105362,
4999922000,1.194155971e-06,0.0002994465758,
4999923000,1.209776656e-06,0.00029622289,
4999924000,2.01297712e-06,0.0003147938114,
4999925000,1.232109639e-06,0.0001998856023,
4999926000,1.379533387e-06,0.0002685936633,
4999927000,1.547864031e-06,0.0002607219794,
4999928000,1.511220603e-06,0.0003820505517,
4999929000,2.035299303e-06,0.0003121872141,
4999930000,1.413714358e-06,0.0002081004059,
4999931000,1.402120802e-06,0.0002555969113,
4999932000,1.768030756e-06,0.0004815124557,
4999933000,1.604179943e-06,0.0002481158008,
4999934000,1.65335905e-06,0.0003448397329,
4999935000,1.57969771e-06,0.0002908380993,
4999936000,1.68515669e-06,0.0002880904067,
4999937000,1.82540316e-06,0.000146379607,
4999938000,1.204220894e-06,0.0003160175402,
4999939000,1.888321776e-06,0.0005003571277,
4999940000,1.390850343e-06,0.0003226626723,
4999941000,1.311399728e-06,0.000262254558,
4999942000,2.442497134e-06,0.0003734365164,
4999943000,1.138894277e-06,0.0002965640742,
4999944000,1.417933277e-06,0.0002668209781,
4999945000,2.008791171e-06,0.0002650879323,
4999946000,1.728349048e-06,0.00037542067,
4999947000,1.222970468e-06,0.0002487653983,
4999948000,1.600261271e-06,0.0002881193068,
4999949000,1.420042508e-06,0.0002325366659,
4999950000,1.382624077e-06,0.0001868400141,
4999951000,1.78460698e-06,0.0002423624101,
4999952000,1.487689588e-06,0.000218168163,
4999953000,1.456629661e-06,0.0002437180519,
4999954000,1.673739462e-06,0.0003066064673,
4999955000,1.478792228e-06,0.0002807192213,
4999956000,2.026110451e-06,0.0002433935297,
4999957000,1.348819751e-06,0.0002904654539,
4999958000,1.135114076e-06,0.0003511666437,
4999959000,1.941754363e-06,0.0002507348836,
4999960000,1.061844159e-06,0.0002037215891,
4999961000,1.125543122e-06,0.0003160942579,
4999962000,1.633728175e-06,0.000376287644,
4999963000,1.554177629e-06,0.0002424570412,
4999964000,1.867569495e-06,0.0002455065842,
4999965000,1.587953875e-06,0.000242922164,
4999966000,1.426892823e-06,0.0003133298305,
4999967000,1.248559443e-06,0.0002818265639,
4999968000,1.791118848e-06,0.0005204536719,
4999969000,1.774768521e-06,0.0002567727061,
4999970000,9.559363434e-07,0.0004092165036,
4999971000,2.115531061e-06,0.0003565908701,
4999972000,1.542966857e-06,0.0003030716325,
4999973000,1.212972393e-06,0.0002473419299,
4999974000,9.505078538e-07,0.0003267033317,
4999975000,2.272488246e-06,0.0004657678364,
4999976000,2.310357331e-06,0.0003042119497,
4999977000,1.309106324e-06,0.0002800374932,
4999978000,1.212488201e-06,0.0003071741667,
4999979000,1.512160452e-06,0.0002522337018,
4999980000,2.5055067e-06,0.000325924746,
4999981000,2.220099987e-06,0.000323769782,
4999982000,2.163394356e-06,0.0003400112037,
4999983000,8.652423844e-07,0.0002628855291,
4999984000,1.65447716e-06,0.000316520076,
4999985000,1.759001748e-06,0.0003436661209,
4999986000,8.912847989e-07,0.0003582319478,
4999987000,2.193085038e-06,0.0001951544837,
4999988000,1.825173285e-06,0.0003168125695,
4999989000,1.210641699e-06,0.0003149661934,
4999990000,1.357511337e-06,0.0002526499738,
4999991000,2.232083943e-06,0.0003863906313,
4999992000,1.977754437e-06,0.0002581092995,
4999993000,1.906023272e-06,0.0004372479743,
4999994000,1.74906188e-06,0.000218180212,
4999995000,1.167374194e-06,0.0002505484445,
4999996000,1.443679821e-06,0.0001826397638,
4999997000,1.463747026e-06,0.0004107016139,
4999998000,1.324906975e-06,0.0002592999081,
4999999000,1.878328476e-06,0.0002775742323,
5000000000,1.969355435e-05,0.0003434520622,
5000001000,1.579986019e-06,0.0002456556249,
5000002000,2.256714652e-06,0.0003596502356,
5000003000,1.252804736e-06,0.0002658116282,
5000004000,1.557744099e-06,0.00042937533,
5000005000,0.0002699609613,0.1591973156,
5000006000,3.185949481e-06,0.0004797489382,
5000007000,1.595024969e-06,0.0003390276979,
5000008000,1.247153591e-06,0.0003207615227,
5000009000,2.382859975e-06,0.0003081485629,
5000010000,2.219492217e-06,0.0002919190738,
5000011000,2.03761374e-06,0.0002108135814,
5000012000,1.149761488e-06,0.00021823516,
5000013000,1.35274172e-06,0.0001951699232,
5000014000,2.062356089e-06,0.0003112084232,
5000015000,1.313038297e-06,0.0003776204831,
5000016000,1.022300353e-06,0.0001839628094,
5000017000,1.09885309e-06,0.0003778177197,
5000018000,1.41592102e-06,0.0004025144735,
5000019000,1.835913395e-06,0.0002310702694,
5000020000,1.781324613e-06,0.0003881745506,
5000021000,1.549722356e-06,0.0002515925444,
5000022000,1.534764351e-06,0.0003705599811,
5000023000,1.611383027e-06,0.0001956984925,
5000024000,1.338829634e-06,0.0001687030745,
5000025000,1.838847197e-06,0.0002433702757,
5000026000,1.430321504e-06,0.0002124569146,
5000027000,1.180494337e-06,0.0002794515167,
5000028000,2.071968083e-06,0.0004323693865,
5000029000,1.680688115e-06,0.0003212481679,
5000030000,2.902278766e-06,0.0004019112384,
5000031000,1.434650812e-06,0.0001980421221,
5000032000,1.612897677e-06,0.0002792569285,
5000033000,3.075518634e-06,0.0003021725279,
5000034000,1.409891865e-06,0.0001345034543,
5000035000,1.778572255e-06,0.0002376985794,
5000036000,1.592032618e-06,0.0004663414729,
5000037000,1.269747713e-06,0.0003564944491,
5000038000,1.589381213e-06,0.0002062307321,
5000039000,1.137086997e-06,0.0003381609567,
5000040000,2.293904117e-06,0.0002053190401,
5000041000,1.507985758e-06,0.0004237528192,
5000042000,1.701257133e-06,0.0001639656402,
5000043000,1.678472927e-06,0.0003229597351,
5000044000,1.086745669e-06,0.0003000297584,
5000045000,1.513929305e-06,0.0003445257898,
5000046000,1.475515887e-06,0.0002888374729,
5000047000,1.479013576e-06,0.0003520757309,
5000048000,1.762645525e-06,0.0003530531831,
5000049000,1.576260843e-06,0.0003386193421,
5000050000,2.198384209e-06,0.0001958271314,
5000051000,9.509959682e-07,0.0003633726446,
5000052000,1.618900683e-06,0.0003408176708,
5000053000,1.466785761e-06,0.0002820966765,
5000054000,2.012618779e-06,0.0003714360064,
5000055000,1.241650693e-06,0.0002749103587,
5000056000,1.205784201e-06,0.0002879697131,
5000057000,2.328812116e-06,0.00030594907,
5000058000,2.122546903e-06,0.0003330493346,
5000059000,1.719155875e-06,0.0002283809736,
5000060000,2.764690635e-06,0.0002815656189,
5000061000,1.512336212e-06,0.0002299356565,
5000062000,1.67259941e-06,0.0003510303213,
5000063000,1.868945105e-06,0.0003338340612,
5000064000,2.072775942e-06,0.0004081180377,
5000065000,1.669620815e-06,0.0003039621224,
5000066000,2.557479775e-06,0.0003021689481,
5000067000,1.884378889e-06,0.0001879669289,
5000068000,1.411395942e-06,0.0002364551765,
5000069000,1.865000741e-06,0.0002133141097,
5000070000,1.03596301e-06,0.0002025292779,
5000071000,7.318573694e-07,0.0001737144339,
5000072000,1.149383934e-06,0.0001866100065,
5000073000,2.070907158e-06,0.0002929314505,
5000074000,2.121989155e-06,0.0003214513708,
5000075000,2.287544476e-06,0.0003618348856,
5000076000,1.601383133e-06,0.0004470745043,
5000077000,1.729492965e-06,0.0002584682952,
5000078000,1.449406e-06,0.0001744133333,
5000079000,1.692478236e-06,0.0002795546898,
5000080000,1.67763676e-06,0.0002845116833,
5000081000,1.637066248e-06,0.0001772031974,
5000082000,2.236732371e-06,0.0001973719627,
5000083000,1.99806027e-06,0.0002914040815,
5000084000,1.730430995e-06,0.0001398788299,
5000085000,1.737481625e-06,0.0002254407009,
5000086000,2.12469763e-06,0.0001811118273,
5000087000,2.024319656e-06,0.0003428668133,
5000088000,1.746224939e-06,0.0001548954315,
5000089000,1.786881398e-06,0.0001977286884,
5000090000,2.137907586e-06,0.0001922887895,
5000091000,2.291812052e-06,0.0001620730327,
5000092000,7.899534467e-07,0.0002310985001,
5000093000,2.240755975e-06,0.0002826966229,
5000094000,1.4378694e-06,0.0001934309257,
5000095000,1.997605978e-06,0.0003073095868,
5000096000,1.948175395e-06,0.0002788182173,
5000097000,1.195429604e-06,0.0003710168821,
5000098000,1.840791242e-06,0.0002029762254,
5000099000,1.179505944e-06,0.0001903602679,
5000100000,1.171617782e-06,0.0001469331037,
5000101000,1.474029546e-06,0.000246478332,
5000102000,1.940008133e-06,0.0002266043302,
5000103000,1.464007482e-06,0.0002154106623,
5000104000,1.180079039e-06,0.0001634837681,
5000105000,1.525281505e-06,0.0003458113351,
5000106000,1.16859519e-06,0.0001668678306,
5000107000,1.236695311e-06,0.0003008022613,
5000108000,1.528443136e-06,0.0001098098219,
5000109000,1.244802434e-06,0.0001673458755,
5000110000,2.438534239e-06,0.0001949941216,
5000111000,1.678500325e-06,0.0002711349516,
5000112000,1.450598916e-06,0.0003019295982,
5000113000,1.06029961e-06,0.000216471919,
5000114000,1.515785698e-06,0.000193737651,
5000115000,1.315546683e-06,0.0002805824915,
5000116000,1.159147132e-06,0.0001885517268,
5000117000,1.382054847e-06,0.000256905827,
5000118000,1.876126703e-06,0.0002227898221,
5000119000,1.189035629e-06,0.0001373923587,
5000120000,1.666665298e-06,0.0002498924732,
5000121000,1.862899012e-06,0.0002649257076,
5000122000,1.012170969e-06,0.0002213121334,
5000123000,1.660666612e-06,0.0002530285274,
5000124000,1.276981607e-06,0.0002515149245,
5000125000,2.008565161e-06,0.0001606451115,
5000126000,1.300016606e-06,0.0001646462188,
5000127000,2.195352863e-06,0.0002148654748,
5000128000,2.750919975e-06,0.0001690607751,
5000129000,1.268947017e-06,0.0002359278878,
5000130000,1.823584398e-06,0.0002517990943,
5000131000,2.152144134e-06,0.0001216464152,
5000132000,1.452957463e-06,0.000194961598,
5000133000,1.769986966e-06,0.0001805772481,
5000134000,1.405004014e-06,0.0002030210162,
5000135000,9.290874345e-07,0.0001967201242,
5000136000,1.755265089e-06,0.0002359392238,
5000137000,1.207520882e-06,0.0001435881131,
5000138000,1.22338713e-06,0.0002004273847,
5000139000,1.671548716e-06,0.0002831980819,
5000140000,1.339478899e-06,0.0001734628167,
5000141000,1.995668526e-06,0.0001639612601,
5000142000,1.37528059e-06,7.782947068e-05,
5000143000,1.468551432e-06,0.0001325923804,
5000144000,1.112947416e-06,0.0001389633107,
5000145000,1.720635964e-06,0.0002214455744,
5000146000,1.471734777e-06,0.0001515005279,
5000147000,1.412325901e-06,0.0003081165487,
5000148000,2.805067197e-06,0.0003467686765,
5000149000,2.358973461e-06,0.0001677431865,
5000150000,1.386401323e-06,0.0001034677698,
5000151000,3.135726729e-06,9.083832265e-05,
5000152000,1.990433475e-06,0.0001880214404,
5000153000,1.390383886e-06,0.0001982618705,
5000154000,1.274174906e-06,0.0002661795879,
5000155000,1.303595354e-06,0.0001306478807,
5000156000,2.073620863e-06,0.0001383565832,
5000157000,2.052107448e-06,0.0001502927189,
5000158000,1.321105628e-06,0.000173403474,
5000159000,1.401317945e-06,0.0002244793577,
5000160000,1.110855351e-06,0.0001984733244,
5000161000,1.407160767e-06,0.0002527667093,
5000162000,9.712563269e-07,0.000183703698,
5000163000,1.273136149e-06,0.0001824824722,
5000164000,1.698579354e-06,0.0001451087155,
5000165000,8.817296475e-07,0.0002367213601,
5000166000,2.27575606e-06,0.0001621312549,
5000167000,1.104921012e-06,0.0002179380535,
5000168000,1.074164743e-06,9.097620205e-05,
5000169000,1.806685987e-06,0.0001977916108,
5000170000,1.092505727e-06,0.0001481405197,
5000171000,1.106223522e-06,0.000203329022,
5000172000,1.80310542e-06,0.0002297511382,
5000173000,1.169255825e-06,0.0001259771525,
5000174000,1.964927606e-06,0.000152335444,
5000175000,1.362420903e-06,0.0001532778988,
5000176000,1.474714963e-06,0.0001903622469,
5000177000,1.752847197e-06,0.0002710980189,
5000178000,1.47097785e-06,0.0001711242076,
5000179000,2.34174081e-06,0.0001282379526,
5000180000,1.271972565e-06,0.0002257461892,
5000181000,1.513619964e-06,0.0001502068772,
5000182000,2.394202738e-06,0.0002442242985,
5000183000,1.838276376e-06,0.0001329788647,
5000184000,2.449223302e-06,0.0001762279571,
5000185000,1.884818971e-06,0.0001630756742,
5000186000,1.781452852e-06,0.0001292435918,
5000187000,1.838606977e-06,0.0001437164174,
5000188000,1.770402605e-06,0.0001519823127,
5000189000,9.909007304e-07,0.0001702889131,
5000190000,1.864638875e-06,0.0001795894059,
5000191000,1.30766125e-06,0.0001704311144,
5000192000,1.391917976e-06,0.0001533406758,
5000193000,1.033427111e-06,0.0002252538397,
5000194000,1.305830324e-06,0.0001830998954,
5000195000,1.436617936e-06,0.0001292790694,
5000196000,1.812917162e-06,0.0001498867496,
5000197000,1.215370958e-06,0.0001559323136,
5000198000,1.591552177e-06,9.871371003e-05,
5000199000,1.579450554e-06,0.000161977252,
5000200000,2.133017233e-06,0.0001701446308,
5000201000,1.753741685e-06,0.0002231669787,
5000202000,1.671549512e-06,0.0001891913125,
5000203000,1.02626268e-06,0.0001659447153,
5000204000,1.138413609e-06,0.000264510425,
5000205000,1.17772845e-06,0.000177726135,
5000206000,1.813669428e-06,0.0001364763011,
5000207000,1.075094929e-06,0.0002043158165,
5000208000,1.91006211e-06,0.0002199931623,
5000209000,1.673970928e-06,0.0002726378734,
5000210000,1.345960413e-06,0.0002232683764,
5000211000,1.524741265e-06,0.0001512313029,
5000212000,1.987807991e-06,0.0001015919115,
5000213000,2.168290166e-06,0.0002499222173,
5000214000,1.229252348e-06,0.0001571367175,
5000215000,1.154250754e-06,0.0002050548501,
5000216000,1.138300945e-06,0.0001699964487,
5000217000,2.359148539e-06,0.0001352046238,
5000218000,1.922179536e-06,0.000201341536,
5000219000,2.104997975e-06,0.0001196021622,
5000220000,2.255115533e-06,0.0002308430121,
5000221000,2.260467454e-06,0.0001206994348,
5000222000,1.307386924e-06,0.0001628796017,
5000223000,1.428015594e-06,0.0001926835976,
5000224000,1.554944902e-06,0.0001781411847,
5000225000,1.725855213e-06,0.0001482610678,
5000226000,2.259696885e-06,0.0002049804025,
5000227000,2.82966721e-06,0.0002135973918,
5000228000,1.024922767e-06,0.0001587948209,
5000229000,7.41834981e-07,0.0001491914882,
5000230000,2.488310656e-06,0.0001596479269,
5000231000,2.081420007e-06,0.0001536663476,
5000232000,1.407310151e-06,0.0001459617197,
5000233000,1.852929017e-06,0.0001475520839,
5000234000,1.499355335e-06,6.258732901e-05,
5000235000,1.231321448e-06,0.0001411107514,
5000236000,1.45903698e-06,0.0001755925041,
5000237000,1.396296511e-06,0.0001807371591,
5000238000,2.300516599e-06,0.0001351563842,
5000239000,2.07522362e-06,0.0001686756732,
5000240000,1.468362598e-06,0.0001466879621,
5000241000,1.515989084e-06,0.0003107636585,
5000242000,1.665174636e-06,0.0001060445138,
5000243000,2.19424328e-06,0.0001814633288,
5000244000,1.891481929e-06,0.0001114697297,
5000245000,1.711542382e-06,0.0001173933779,
5000246000,1.998727839e-06,0.0001895896421,
5000247000,1.947519422e-06,0.0001187466041,
5000248000,1.326207098e-06,0.0001727183844,
5000249000,1.730122676e-06,0.0001657233515,
5000250000,1.654546054e-06,0.0001908534614,
5000251000,1.720226351e-06,0.0001231178758,
5000252000,1.368949484e-06,0.0001223607687,
5000253000,1.409421657e-06,0.0001755903213,
5000254000,1.726344976e-06,0.0001883485529,
5000255000,1.088440513e-06,0.0002282293863,
5000256000,1.484332529e-06,0.0001372123079,
5000257000,2.357636504e-06,8.838964277e-05,
5000258000,1.562188004e-06,0.0001390164398,
5000259000,1.140780455e-06,0.0001419854962,
5000260000,1.751994432e-06,0.0001578733063,
5000261000,2.086454742e-06,0.000153834204,
5000262000,1.13130443e-06,0.0001304682228,
5000263000,1.541947768e-06,0.0001865904196,
5000264000,1.030297994e-06,0.0001504954707,
5000265000,1.382412734e-06,0.0001609003957,
5000266000,2.712906507e-06,0.0001350614766,
5000267000,1.464828756e-06,0.0001613751811,
5000268000,1.246823672e-06,0.0001551494206,
5000269000,2.227180403e-06,0.0002130855428,
5000270000,1.027423536e-06,0.0001209070688,
5000271000,2.168383389e-06,0.0001084505566,
5000272000,1.732753503e-06,0.0001199534672,
5000273000,1.637307719e-06,0.0001221765706,
5000274000,1.425204005e-06,0.0001644831063,
5000275000,2.814731943e-06,0.000130630986,
5000276000,1.379697892e-06,0.0001309950167,
5000277000,1.091681384e-06,0.0001123086258,
5000278000,1.283533379e-06,0.0002073749347,
5000279000,1.800954919e-06,0.0001757465943,
5000280000,1.253988557e-06,0.000207182311,
5000281000,2.532138069e-06,0.0001453703735,
5000282000,1.225285359e-06,0.0001909714338,
5000283000,1.178219122e-06,0.0002547783661,
5000284000,1.533445129e-06,0.0001694634557,
5000285000,1.608829393e-06,0.0002045461588,
5000286000,1.639706738e-06,0.0001658511173,
5000287000,1.758498342e-06,0.0001221496786,
5000288000,1.545815053e-06,0.0001876847818,
5000289000,1.641167387e-06,0.0001499523205,
5000290000,1.256361543e-06,0.0001678586268,
5000291000,1.71578813e-06,0.0001064962053,
5000292000,1.605218813e-06,0.0001898013288,
5000293000,1.710569677e-06,0.0002086225431,
5000294000,1.960121153e-06,0.0001403099886,
5000295000,1.496262826e-06,0.0001500083163,
5000296000,1.833828719e-06,0.0001386485965,
5000297000,1.711106393e-06,0.0001568988519,
5000298000,1.911664185e-06,0.0002145662729,
5000299000,1.836207844e-06,0.0001256788091,
5000300000,1.205208036e-06,0.0001372178231,
5000301000,1.603550345e-06,0.0002428706357,
5000302000,1.822457989e-06,0.0001517920755,
5000303000,2.020961801e-06,0.0001224260923,
5000304000,1.172753628e-06,0.0001252827497,
5000305000,2.030525138e-06,0.0001514611795,
5000306000,1.814716029e-06,0.0001147274525,
5000307000,1.556897018e-06,0.0001534382318,
5000308000,1.552725053e-06,0.0001647356985,
5000309000,1.481199888e-06,9.108519589e-05,
5000310000,1.75978721e-06,0.0001699364948,
5000311000,1.561919703e-06,0.0002059282124,
5000312000,1.845181259e-06,0.000157767965,
5000313000,1.675275826e-06,0.0002473149216,
5000314000,1.303722001e-06,0.0001448771654,
5000315000,1.065993729e-06,0.000191537838,
5000316000,1.404682507e-06,0.0001344679331,
5000317000,2.675446467e-06,0.0001581223914,
5000318000,9.843186035e-07,0.0001422860805,
5000319000,1.46524917e-06,0.0001156010403,
5000320000,1.532879764e-06,0.0001136652063,
5000321000,1.755171752e-06,0.0001184752473,
5000322000,1.49674986e-06,0.0001321269956,
5000323000,1.460809472e-06,0.000162990531,
5000324000,1.100239729e-06,0.0001024134835,
5000325000,9.031849117e-07,0.0001159254316,
5000326000,1.113087251e-06,0.0001093202445,
5000327000,1.53835424e-06,0.0002035553771,
5000328000,2.226538754e-06,0.0001762584725,
5000329000,1.818595933e-06,9.682143718e-05,
5000330000,1.325521907e-06,0.0001042811709,
5000331000,2.04455182e-06,0.0001306685008,
5000332000,1.495033757e-06,0.0001443621732,
5000333000,1.548370165e-06,0.0001583246049,
5000334000,1.131043973e-06,0.0002145855979,
5000335000,1.547720672e-06,0.0001155877762,
5000336000,2.129040695e-06,0.0001121520763,
5000337000,1.885933784e-06,0.0001598262315,
5000338000,1.91792401e-06,0.0001366721553,
5000339000,2.114988092e-06,0.00015158116,
5000340000,1.333670184e-06,9.582634084e-05,
5000341000,1.944585847e-06,0.0001017500035,
5000342000,1.264065418e-06,0.0002132403897,
5000343000,2.241638185e-06,0.000173779481,
5000344000,2.889947382e-06,0.0001248950575,
5000345000,1.287767418e-06,0.0001605430152,
5000346000,2.434079761e-06,0.0001802671177,
5000347000,1.310078574e-06,0.0001646441524,
5000348000,1.196463472e-06,0.0002144042955,
5000349000,1.069406153e-06,0.0001291041408,
5000350000,9.958120017e-07,0.0001694142848,
5000351000,1.334596163e-06,0.0001355503482,
5000352000,1.587743668e-06,0.000126199855,
5000353000,1.541835786e-06,0.0001646791497,
5000354000,1.37099687e-06,0.0002787954872,
5000355000,1.976576414e-06,0.0001719273569,
5000356000,1.641144308e-06,0.0001689002238,
5000357000,1.261727562e-06,0.0001375307038,
5000358000,1.768109541e-06,0.0001714338432,
5000359000,1.256851192e-06,0.000182864329,
5000360000,1.844294957e-06,0.0002048222523,
5000361000,1.62959725e-06,0.0001487682603,
5000362000,1.391296564e-06,0.0001486489928,
5000363000,2.007406692e-06,0.0001109555596,
5000364000,1.500394319e-06,0.0001757150603,
5000365000,1.793156571e-06,0.0001664254523,
5000366000,1.59114677e-06,0.000120785131,
5000367000,1.62516551e-06,0.0001968893339,
5000368000,1.84427779e-06,0.0001273788075,
5000369000,1.500240842e-06,0.0001522859093,
5000370000,1.461240004e-06,0.0002114281087,
5000371000,1.672622261e-06,0.0001438170584,
5000372000,2.449854946e-06,0.0001709101343,
5000373000,1.505470323e-06,0.0001161198816,
5000374000,1.989747489e-06,0.0001478810591,
5000375000,7.961113511e-07,0.0001972059108,
5000376000,2.753827403e-06,0.0001857566531,
5000377000,1.531018938e-06,0.0001222200808,
5000378000,1.518909357e-06,0.0001410129335,
5000379000,1.827486926e-06,9.926045459e-05,
5000380000,1.85311012e-06,0.000170573403,
5000381000,1.448911121e-06,0.0001959092187,
5000382000,1.112030873e-06,0.0001029887208,
5000383000,1.174057388e-06,0.0001754263212,
5000384000,7.239124784e-07,0.0002033967903,
5000385000,1.642606207e-06,0.000194167369,
5000386000,1.501489464e-06,0.0001017733011,
5000387000,1.411701419e-06,0.0001496938348,
5000388000,1.05878496e-06,0.0001484249515,
5000389000,8.724685472e-07,0.0001548856962,
5000390000,1.690085242e-06,0.0001847847016,
5000391000,1.522313482e-06,0.0001491768926,
5000392000,1.722342631e-06,0.0001715171675,
5000393000,1.769033702e-06,0.0001570046588,
5000394000,1.782957384e-06,0.0001158556479,
5000395000,1.499035875e-06,0.0001424130314,
5000396000,1.570071618e-06,0.000154090827,
5000397000,2.272043048e-06,0.0002251690312,
5000398000,2.144604196e-06,0.0001851187117,
5000399000,1.945256827e-06,0.0001324326586,
5000400000,1.420320018e-06,0.0001150661337,
5000401000,2.452034551e-06,0.0001746991766,
5000402000,1.420507942e-06,0.0001382471964,
5000403000,1.733479962e-06,0.0001238960394,
5000404000,1.911213531e-06,0.0002320257772,
5000405000,1.634647333e-06,0.0001722607994,
5000406000,2.035261787e-06,0.0001387417724,
5000407000,1.277365868e-06,0.0001702298468,
5000408000,9.867421795e-07,0.000231288097,
5000409000,1.591633918e-06,0.0001696833497,
5000410000,2.028951485e-06,0.0001355270069,
5000411000,1.232676482e-06,0.0001578460069,
5000412000,2.413822131e-06,0.0001356186986,
5000413000,1.932041641e-06,0.0003056716814,
5000414000,1.180870072e-06,0.0001068883939,
5000415000,1.638073172e-06,9.965807112e-05,
5000416000,1.603072178e-06,0.000174039902,
5000417000,1.552458798e-06,0.0002110096393,
5000418000,1.27793885e-06,0.0001556104398,
5000419000,1.283255642e-06,0.0002171427332,
5000420000,1.790492661e-06,0.0001273464004,
5000421000,2.076664032e-06,8.620887093e-05,
5000422000,2.169022764e-06,0.0001667958859,
5000423000,1.315563281e-06,0.0001230835769,
5000424000,1.554638857e-06,0.0001599462266,
5000425000,1.374269004e-06,0.0001186046502,
5000426000,1.517878445e-06,0.0002096130193,
5000427000,1.22907386e-06,0.0001390427351,
5000428000,2.336654688e-06,0.0001130357341,
5000429000,2.103900897e-06,0.0003096125729,
5000430000,2.432044084e-06,0.0002090215421,
5000431000,1.831242457e-06,0.0001718177227,
5000432000,1.642225584e-06,0.0001353491825,
5000433000,1.589230237e-06,0.0002238428133,
5000434000,2.763078555e-06,0.0001983085967,
5000435000,2.069692073e-06,0.0001647234603,
5000436000,1.452284891e-06,0.0002102807775,
5000437000,1.469444669e-06,0.0002012364712,
5000438000,1.595453e-06,0.0001607337908,
5000439000,1.811984134e-06,0.0001587315637,
5000440000,2.469289029e-06,0.000182024829,
5000441000,1.776100703e-06,0.0001495009783,
5000442000,2.347335339e-06,0.0001438518957,
5000443000,8.484139471e-07,0.0002063721186,
5000444000,1.796634592e-06,0.0001056276815,
5000445000,1.736958779e-06,0.0001776853751,
5000446000,1.706649641e-06,0.0002897503146,
5000447000,1.624212587e-06,0.0001352322142,
5000448000,1.802618385e-06,8.185418119e-05,
5000449000,2.497355354e-06,0.0001107615171,
5000450000,1.375080842e-06,0.0001543822582,
5000451000,1.45914089e-06,0.0001768568327,
5000452000,2.244029247e-06,0.0001553728944,
5000453000,1.088212457e-06,0.0001479243656,
5000454000,1.785856057e-06,0.0001867778192,
5000455000,1.674890314e-06,0.0001421533816,
5000456000,1.224870971e-06,0.0001650758641,
5000457000,1.39962458e-06,0.0001409772231,
5000458000,1.617779276e-06,0.0001371880062,
5000459000,1.226250561e-06,0.000119486831,
5000460000,2.096537173e-06,0.0001954003528,
5000461000,2.563500175e-06,0.0001166731599,
5000462000,1.847776161e-06,0.0001255696698,
5000463000,1.941771643e-06,0.0001725522161,
5000464000,1.393859179e-06,0.0001614274806,
5000465000,1.495154834e-06,0.0001395345025,
5000466000,1.450796503e-06,0.0001320965093,
5000467000,3.070528464e-06,0.0001384494826,
5000468000,2.671798256e-06,9.894050163e-05,
5000469000,1.465570449e-06,0.0002653359261,
5000470000,1.461184183e-06,0.0002411804599,
5000471000,1.538979973e-06,0.0001226008462,
5000472000,1.979692797e-06,0.0001454371377,
5000473000,1.545489113e-06,0.0001305252663,
5000474000,1.684679773e-06,0.0001871894492,
5000475000,1.492398383e-06,0.0002215493005,
5000476000,1.775905162e-06,0.0001340554736,
5000477000,1.700908115e-06,0.0001140933236,
5000478000,2.016892722e-06,0.0001384301722,
5000479000,1.649971864e-06,0.0001696240943,
5000480000,1.347517923e-06,0.0001929537684,
5000481000,1.441429504e-06,0.0001533652103,
5000482000,1.55577402e-06,0.0001428058022,
5000483000,1.96973383e-06,0.0002418636141,
5000484000,2.041735797e-06,0.0001402341877,
5000485000,1.811174684e-06,0.0001847987878,
5000486000,1.897757897e-06,0.0001417783351,
5000487000,1.889640885e-06,0.0002079655242,
5000488000,1.496635718e-06,0.0001607520244,
5000489000,1.869673156e-06,0.0001325925987,
5000490000,1.592238618e-06,0.0001246940083,
5000491000,1.858611768e-06,0.0001541106467,
5000492000,1.242340431e-06,0.0001097380882,
5000493000,1.470019811e-06,0.0001225771557,
5000494000,1.787443011e-06,8.381811494e-05,
5000495000,1.560707574e-06,0.0001924230455,
5000496000,1.592422336e-06,0.0002023536945,
5000497000,1.555119866e-06,0.0001188012757,
5000498000,1.170106202e-06,8.123183216e-05,
5000499000,1.611277071e-06,0.0001646070741,
5000500000,2.244404413e-06,9.731588943e-05,
